{"1_2_loss": 0.10441920161247253, "2_1_loss": 0.11804310977458954, "train_loss": 0.22246231138706207, "epoch": 0, "trainer/global_step": 149, "_timestamp": 1687445935, "_runtime": 67, "_step": 2}